indice_original,is_anomaly,prediction,anomaly_score,decision_function,SalePrice
0,False,1,0.3974613936947429,0.10253860630525707,208500
1,False,1,0.4227304024953436,0.0772695975046564,181500
2,False,1,0.3785785735783441,0.12142142642165588,223500
3,False,1,0.4520834230963785,0.0479165769036215,140000
4,False,1,0.4209076429532506,0.07909235704674938,250000
5,False,1,0.47718241187201227,0.02281758812798773,143000
6,False,1,0.39533742234466734,0.10466257765533266,307000
7,False,1,0.48106577500169584,0.01893422499830416,200000
8,False,1,0.48988356350669027,0.010116436493309733,129900
9,False,1,0.493045932661743,0.006954067338256986,118000
10,False,1,0.38199105004496703,0.11800894995503297,129500
11,False,1,0.48356727379440206,0.016432726205597936,345000
12,False,1,0.4097042312930238,0.0902957687069762,144000
13,False,1,0.39605095571839005,0.10394904428160995,279500
14,False,1,0.4381235175288558,0.06187648247114419,157000
15,False,1,0.39723047921025595,0.10276952078974405,132000
16,False,1,0.40846099557136306,0.09153900442863694,149000
17,False,1,0.46692190310895715,0.03307809689104285,90000
18,False,1,0.3899915444809186,0.1100084555190814,159000
19,False,1,0.369970064774802,0.130029935225198,139000
20,False,1,0.4658444290024267,0.034155570997573326,325300
21,False,1,0.4149510053342398,0.08504899466576021,139400
22,False,1,0.406665080598305,0.09333491940169503,230000
23,False,1,0.388641470481366,0.11135852951863401,129900
24,False,1,0.4328722083427346,0.0671277916572654,154000
25,False,1,0.427867494852642,0.07213250514735797,256300
26,False,1,0.45096204930545225,0.04903795069454775,134800
27,False,1,0.4140229940581866,0.0859770059418134,306000
28,False,1,0.46639746512003777,0.03360253487996223,207500
29,False,1,0.4441253511477726,0.055874648852227426,68500
30,False,1,0.43587544521046556,0.06412455478953444,40000
31,False,1,0.38986727477225586,0.11013272522774414,149350
32,False,1,0.39953791752960044,0.10046208247039956,179900
33,False,1,0.44455474035105896,0.05544525964894104,165500
34,False,1,0.40132225529876253,0.09867774470123747,277500
35,False,1,0.4495174406103351,0.050482559389664894,309000
36,False,1,0.41531686130651774,0.08468313869348226,145000
37,False,1,0.4536689495815003,0.04633105041849972,153000
38,False,1,0.40679291813238105,0.09320708186761895,109000
39,False,1,0.45797369710050584,0.04202630289949416,82000
40,False,1,0.38682052048482995,0.11317947951517005,160000
41,False,1,0.4715807506123457,0.028419249387654277,170000
42,False,1,0.4019471092292747,0.09805289077072532,144000
43,False,1,0.3850540914283921,0.11494590857160791,130250
44,False,1,0.3980219809895583,0.10197801901044168,141000
45,False,1,0.43521186191952027,0.06478813808047973,319900
46,False,1,0.44705545186784756,0.052944548132152436,239686
47,False,1,0.40784098500519955,0.09215901499480045,249700
48,True,-1,0.5078673060090064,-0.007867306009006425,113000
49,False,1,0.39034929230063503,0.10965070769936497,127000
50,False,1,0.41032687631004144,0.08967312368995856,177000
51,False,1,0.42659207003797267,0.07340792996202733,114500
52,False,1,0.424211876551465,0.07578812344853503,110000
53,True,-1,0.5661965087996088,-0.06619650879960881,385000
54,False,1,0.392113187824747,0.10788681217525298,130000
55,False,1,0.43061393022863714,0.06938606977136286,180500
56,False,1,0.4244352880441246,0.07556471195587539,172500
57,False,1,0.38414661222108576,0.11585338777891424,196500
58,True,-1,0.5144526995481126,-0.014452699548112569,438780
59,False,1,0.405672322129477,0.09432767787052299,124900
60,False,1,0.3965192399125304,0.10348076008746959,158000
61,False,1,0.4199943660052746,0.08000563399472538,101000
62,False,1,0.39980874904383595,0.10019125095616405,202500
63,False,1,0.4245391648332185,0.07546083516678148,140000
64,False,1,0.4367554199775571,0.06324458002244288,219500
65,False,1,0.43310174132215795,0.06689825867784205,317000
66,False,1,0.42813559017814595,0.07186440982185405,180000
67,False,1,0.38013871555898215,0.11986128444101785,226000
68,False,1,0.41175815904671675,0.08824184095328325,80000
69,False,1,0.4266683440870682,0.07333165591293178,225000
70,True,-1,0.5017955102556471,-0.0017955102556470592,244000
71,False,1,0.3840470315584825,0.11595296844151748,129500
72,False,1,0.4124371209737536,0.08756287902624638,185000
73,False,1,0.39784852226790346,0.10215147773209654,144900
74,False,1,0.4884944068944541,0.011505593105545886,107400
75,False,1,0.45144140669692473,0.04855859330307527,91000
76,False,1,0.38636893076696094,0.11363106923303906,135750
77,False,1,0.40100720039270077,0.09899279960729923,127000
78,False,1,0.48701465710730213,0.012985342892697871,136500
79,False,1,0.4190367482848635,0.08096325171513652,110000
80,False,1,0.44284788325341,0.05715211674658999,193500
81,False,1,0.4306395066214131,0.06936049337858691,153500
82,False,1,0.40891340111154295,0.09108659888845705,245000
83,False,1,0.38229938247233597,0.11770061752766403,126500
84,False,1,0.4101049448793963,0.0898950551206037,168500
85,False,1,0.43072267521787916,0.06927732478212084,260000
86,False,1,0.3914315501329611,0.1085684498670389,174000
87,False,1,0.4278938597891805,0.07210614021081951,164500
88,True,-1,0.5119760674619867,-0.01197606746198665,85000
89,False,1,0.40933209626139977,0.09066790373860023,123600
90,False,1,0.4103828432078796,0.0896171567921204,109900
91,False,1,0.4005750250227737,0.0994249749772263,98600
92,False,1,0.4263711643896059,0.07362883561039413,163500
93,True,-1,0.5235540659871192,-0.023554065987119177,133900
94,False,1,0.39277881385125785,0.10722118614874215,204750
95,False,1,0.4101388935473252,0.08986110645267481,185000
96,False,1,0.3883302532133316,0.11166974678666841,214000
97,False,1,0.37957384817937406,0.12042615182062594,94750
98,False,1,0.44225701410085455,0.05774298589914545,83000
99,False,1,0.4709577368155878,0.02904226318441222,128950
100,False,1,0.4201895739289433,0.0798104260710567,205000
101,False,1,0.38258662316259806,0.11741337683740194,178000
102,False,1,0.43450530824287725,0.06549469175712275,118964
103,False,1,0.408420654162302,0.091579345837698,198900
104,False,1,0.4679486813362512,0.032051318663748773,169500
105,False,1,0.4094257497221679,0.09057425027783211,250000
106,False,1,0.4168626574285742,0.0831373425714258,100000
107,False,1,0.38634054705808796,0.11365945294191204,115000
108,False,1,0.4300519661306324,0.0699480338693676,115000
109,False,1,0.43379135881104386,0.06620864118895614,190000
110,False,1,0.4048181907922226,0.09518180920777741,136900
111,False,1,0.38995779738154474,0.11004220261845526,180000
112,False,1,0.4653144712840167,0.034685528715983294,383970
113,False,1,0.498189526589836,0.001810473410163993,217000
114,False,1,0.44867394176612935,0.05132605823387065,259500
115,False,1,0.43026226487338726,0.06973773512661274,176000
116,False,1,0.4513606772040085,0.04863932279599148,139000
117,False,1,0.39732273118519057,0.10267726881480943,155000
118,True,-1,0.5218910923703779,-0.021891092370377896,320000
119,False,1,0.37764520121208833,0.12235479878791167,163990
120,False,1,0.45877368317001527,0.04122631682998473,180000
121,False,1,0.40305336731588903,0.09694663268411097,100000
122,False,1,0.3814051099282325,0.11859489007176749,136000
123,False,1,0.3839538330737031,0.11604616692629688,153900
124,False,1,0.4016391004294134,0.09836089957058658,181000
125,False,1,0.4780584751966479,0.021941524803352097,84500
126,False,1,0.40611935851287634,0.09388064148712366,128000
127,False,1,0.4046736289762309,0.09532637102376912,87000
128,False,1,0.39109645033898954,0.10890354966101046,155000
129,False,1,0.45526357518452776,0.04473642481547224,150000
130,False,1,0.41920766221875533,0.08079233778124467,226000
131,False,1,0.3806153899888724,0.1193846100111276,244000
132,False,1,0.37663200474186614,0.12336799525813386,150750
133,False,1,0.38532536417890917,0.11467463582109083,220000
134,False,1,0.4112262830330302,0.08877371696696978,180000
135,False,1,0.3906953398332196,0.10930466016678042,174000
136,False,1,0.3782229158848375,0.12177708411516253,143000
137,True,-1,0.5023629201539239,-0.0023629201539239197,171000
138,False,1,0.4190461984608843,0.08095380153911569,230000
139,False,1,0.39533013289194435,0.10466986710805565,231500
140,False,1,0.4169897570530315,0.08301024294696852,115000
141,False,1,0.4104159134334769,0.08958408656652311,260000
142,False,1,0.4020106010684838,0.0979893989315162,166000
143,False,1,0.380285047041769,0.11971495295823098,204000
144,False,1,0.49090373082687017,0.009096269173129834,125000
145,False,1,0.4097201958716839,0.0902798041283161,130000
146,False,1,0.41829189618409346,0.08170810381590654,105000
147,False,1,0.3882319588185611,0.1117680411814389,222500
148,False,1,0.4133529429043512,0.0866470570956488,141000
149,False,1,0.4141718139725644,0.08582818602743558,115000
150,False,1,0.4029174071740199,0.09708259282598009,122000
151,False,1,0.4422765530077274,0.05772344699227261,372402
152,False,1,0.38951101040698005,0.11048898959301995,190000
153,False,1,0.45325192444518536,0.04674807555481464,235000
154,False,1,0.4479939174238872,0.05200608257611278,125000
155,False,1,0.43245239182481093,0.06754760817518907,79000
156,False,1,0.4094646543795411,0.0905353456204589,109500
157,False,1,0.41846847890604716,0.08153152109395284,269500
158,False,1,0.3969520485342154,0.1030479514657846,254900
159,False,1,0.48089894917184417,0.01910105082815583,320000
160,False,1,0.36535772833689384,0.13464227166310616,162500
161,False,1,0.4902513538560757,0.009748646143924289,412500
162,False,1,0.39578216233510044,0.10421783766489956,220000
163,False,1,0.4211907979236645,0.07880920207633552,103200
164,False,1,0.43967256110225195,0.060327438897748054,152000
165,False,1,0.4815406323498405,0.018459367650159486,127500
166,False,1,0.49967471022244975,0.0003252897775502528,190000
167,False,1,0.43694911796720487,0.06305088203279513,325624
168,False,1,0.373566532550553,0.126433467449447,183500
169,False,1,0.4731802914842928,0.026819708515707197,228000
170,False,1,0.43034771411636336,0.06965228588363664,128500
171,False,1,0.450520489075736,0.049479510924264,215000
172,False,1,0.4295177587970025,0.07048224120299751,239000
173,False,1,0.4077047830381097,0.0922952169618903,163000
174,False,1,0.41057547192840127,0.08942452807159873,184000
175,False,1,0.41351676678640803,0.08648323321359197,243000
176,False,1,0.4534323338352604,0.04656766616473962,211000
177,False,1,0.41465599024682626,0.08534400975317374,172500
178,False,1,0.49150291973708277,0.008497080262917234,501837
179,False,1,0.4169352029215411,0.08306479707845887,100000
180,False,1,0.4007617177816883,0.09923828221831171,177000
181,False,1,0.44397784737803647,0.05602215262196353,200100
182,False,1,0.4244611742952308,0.07553882570476922,120000
183,False,1,0.40654753182633663,0.09345246817366337,200000
184,False,1,0.4025699322466777,0.0974300677533223,127000
185,True,-1,0.6163650356810528,-0.11636503568105283,475000
186,False,1,0.3711457425486788,0.12885425745132117,173000
187,False,1,0.46051548306383844,0.03948451693616156,135000
188,False,1,0.492828582884671,0.007171417115328982,153337
189,False,1,0.45817074227067894,0.04182925772932106,286000
190,False,1,0.4648272837942575,0.03517271620574253,315000
191,False,1,0.4098335627157454,0.09016643728425461,184000
192,False,1,0.38318390205392366,0.11681609794607634,192000
193,False,1,0.4101285775671415,0.0898714224328585,130000
194,False,1,0.3746324762307702,0.12536752376922983,127000
195,False,1,0.3988193722960869,0.10118062770391312,148500
196,False,1,0.4395270012606022,0.06047299873939782,311872
197,True,-1,0.6186784583880431,-0.11867845838804314,235000
198,False,1,0.498168466662827,0.001831533337173008,104000
199,False,1,0.4348219644364314,0.0651780355635686,274900
200,False,1,0.40201041776387947,0.09798958223612053,140000
201,False,1,0.43747217969057145,0.06252782030942855,171500
202,False,1,0.4307541222400919,0.06924587775990809,112000
203,False,1,0.4300916544864619,0.06990834551353808,149000
204,False,1,0.4034700928536758,0.0965299071463242,110000
205,False,1,0.4324556078782183,0.0675443921217817,180500
206,False,1,0.4142501091835327,0.08574989081646728,143900
207,False,1,0.398262226225574,0.101737773774426,141000
208,False,1,0.40607888660264274,0.09392111339735726,277000
209,False,1,0.37888720930424574,0.12111279069575426,145000
210,False,1,0.4256172656456276,0.07438273435437243,98000
211,False,1,0.3973089828243076,0.1026910171756924,186000
212,False,1,0.3932426824052891,0.10675731759471091,252678
213,False,1,0.42479313082562414,0.07520686917437586,156000
214,False,1,0.4131941487391112,0.0868058512608888,161750
215,False,1,0.4174510865726164,0.08254891342738357,134450
216,False,1,0.38904224561254924,0.11095775438745076,210000
217,False,1,0.44161615530684717,0.05838384469315283,107000
218,False,1,0.49912403728138266,0.0008759627186173402,311500
219,False,1,0.40703322400863673,0.09296677599136327,167240
220,False,1,0.40640318924426844,0.09359681075573156,204900
221,False,1,0.40160223534471917,0.09839776465528083,200000
222,False,1,0.40873477779958556,0.09126522220041444,179900
223,False,1,0.4008667283273483,0.09913327167265168,97000
224,False,1,0.4826636042797967,0.01733639572020329,386250
225,False,1,0.4193823129527696,0.08061768704723038,112000
226,False,1,0.41163879490518446,0.08836120509481554,290000
227,False,1,0.4343974468965715,0.0656025531034285,106000
228,False,1,0.37972537669546,0.12027462330453997,125000
229,False,1,0.39935449628504066,0.10064550371495934,192500
230,False,1,0.41695702648858785,0.08304297351141215,148000
231,False,1,0.49376335256254267,0.006236647437457332,403000
232,False,1,0.4329342653553001,0.06706573464469989,94500
233,False,1,0.43430240597284897,0.06569759402715103,128200
234,False,1,0.4275031825106477,0.07249681748935233,216500
235,False,1,0.46311533708395575,0.03688466291604425,89500
236,False,1,0.391140585914625,0.10885941408537497,185500
237,False,1,0.434507032165672,0.06549296783432801,194500
238,False,1,0.4333371795453922,0.06666282045460781,318000
239,False,1,0.41217068760138875,0.08782931239861125,113000
240,False,1,0.4161453017976596,0.08385469820234043,262500
241,False,1,0.4311538381105263,0.06884616188947368,110500
242,False,1,0.42147445311687,0.07852554688313002,79000
243,False,1,0.402909546038834,0.097090453961166,120000
244,False,1,0.414394925802654,0.08560507419734598,205000
245,False,1,0.42787210338616605,0.07212789661383395,241500
246,True,-1,0.5154991467836686,-0.015499146783668594,137000
247,False,1,0.38771849717484985,0.11228150282515015,140000
248,False,1,0.37937907286065564,0.12062092713934436,180000
249,True,-1,0.5251431784643307,-0.025143178464330673,277000
250,False,1,0.4685542290526341,0.03144577094736589,76500
251,False,1,0.4864164253458142,0.013583574654185804,235000
252,False,1,0.38355757972539184,0.11644242027460816,173000
253,False,1,0.4561618618734474,0.04383813812655257,158000
254,False,1,0.3975803319776067,0.10241966802239327,145000
255,False,1,0.41145925790317195,0.08854074209682805,230000
256,False,1,0.381425007150368,0.11857499284963202,207500
257,False,1,0.40513303465086764,0.09486696534913236,220000
258,False,1,0.4042576432935889,0.09574235670641112,231500
259,False,1,0.4102874318260795,0.08971256817392048,97000
260,False,1,0.46718055801779335,0.032819441982206654,176000
261,False,1,0.4423725414444695,0.057627458555530475,276000
262,False,1,0.394697501077008,0.10530249892299198,151000
263,False,1,0.449812544743133,0.05018745525686702,130000
264,False,1,0.39191888482591203,0.10808111517408797,73000
265,False,1,0.38071637438424516,0.11928362561575484,175500
266,False,1,0.3810913933121018,0.11890860668789821,185000
267,False,1,0.4543054688154161,0.045694531184583886,179500
268,False,1,0.4107596851400323,0.0892403148599677,120500
269,False,1,0.3985020500280313,0.1014979499719687,148000
270,False,1,0.40639093906337076,0.09360906093662924,266000
271,False,1,0.47112809760388913,0.02887190239611087,241500
272,False,1,0.4240588993065332,0.07594110069346682,290000
273,False,1,0.41068901065758806,0.08931098934241194,139000
274,False,1,0.38063504362156453,0.11936495637843547,124500
275,False,1,0.42514681703640655,0.07485318296359345,205000
276,False,1,0.42001427584920903,0.07998572415079097,201000
277,False,1,0.4324104881485727,0.06758951185142731,141000
278,False,1,0.4674294851630131,0.03257051483698692,415298
279,False,1,0.39554146478923985,0.10445853521076015,192000
280,False,1,0.42764988262534254,0.07235011737465746,228500
281,False,1,0.3877555090242866,0.11224449097571337,185000
282,False,1,0.3958441618855677,0.1041558381144323,207500
283,False,1,0.4166535145237471,0.0833464854762529,244600
284,False,1,0.40353910484255867,0.09646089515744133,179200
285,False,1,0.4047746339564833,0.09522536604351672,164700
286,False,1,0.38959725257729955,0.11040274742270045,159000
287,False,1,0.4124736966058013,0.0875263033941987,88000
288,False,1,0.38214943051882927,0.11785056948117073,122000
289,False,1,0.42408614699226627,0.07591385300773373,153575
290,False,1,0.4023407863377684,0.09765921366223163,233230
291,False,1,0.48342028582020413,0.016579714179795868,135900
292,False,1,0.4290450866426761,0.0709549133573239,131000
293,False,1,0.43346167203093255,0.06653832796906745,235000
294,False,1,0.4285112033561956,0.07148879664380442,167000
295,False,1,0.3900341734209831,0.10996582657901688,142500
296,False,1,0.4010461544590211,0.09895384554097891,152000
297,False,1,0.42699668131954294,0.07300331868045706,239000
298,False,1,0.4413898038730215,0.05861019612697849,175000
299,False,1,0.4401087954371009,0.05989120456289909,158500
300,False,1,0.433786675065074,0.06621332493492599,157000
301,False,1,0.40380840391711775,0.09619159608288225,267000
302,False,1,0.44772638865715364,0.05227361134284636,205000
303,False,1,0.39168887447916756,0.10831112552083244,149900
304,True,-1,0.5202256918807828,-0.020225691880782826,295000
305,False,1,0.43068970852801114,0.06931029147198886,305900
306,False,1,0.45323454332096247,0.04676545667903753,225000
307,False,1,0.42805056475780545,0.07194943524219455,89500
308,False,1,0.4008869167191834,0.09911308328081658,82500
309,False,1,0.46749328982336746,0.032506710176632536,360000
310,False,1,0.3790061114836965,0.1209938885163035,165600
311,False,1,0.38877659960653144,0.11122340039346856,132000
312,False,1,0.447984248272285,0.052015751727715,119900
313,True,-1,0.5509224705736354,-0.050922470573635414,375000
314,False,1,0.46828930477798447,0.03171069522201553,178000
315,False,1,0.3740640247287744,0.12593597527122558,188500
316,False,1,0.4332965977803626,0.06670340221963739,260000
317,False,1,0.4115145335613628,0.0884854664386372,270000
318,False,1,0.4602768442623493,0.03972315573765067,260000
319,False,1,0.3990972744786884,0.10090272552131158,187500
320,False,1,0.48056114385786725,0.019438856142132754,342643
321,False,1,0.4408093932847848,0.0591906067152152,354000
322,False,1,0.45518582436268884,0.04481417563731116,301000
323,False,1,0.424918878995528,0.075081121004472,126175
324,False,1,0.46251008294747487,0.037489917052525135,242000
325,False,1,0.4273439782187339,0.07265602178126612,87000
326,False,1,0.4689076367034294,0.031092363296570613,324000
327,False,1,0.3950043660022485,0.10499563399775153,145250
328,False,1,0.47139112654629717,0.028608873453702832,214500
329,False,1,0.4267053030218417,0.07329469697815832,78000
330,True,-1,0.5237454202446356,-0.02374542024463555,119000
331,False,1,0.3748691880404319,0.1251308119595681,139000
332,False,1,0.4535278425859846,0.04647215741401539,284000
333,False,1,0.38249934350136555,0.11750065649863445,207000
334,False,1,0.3916515189536728,0.10834848104632722,192000
335,True,-1,0.5552299542773435,-0.05522995427734345,228950
336,False,1,0.4165935122778207,0.08340648772217929,377426
337,False,1,0.3924873855938849,0.10751261440611509,214000
338,False,1,0.41495386290144726,0.08504613709855274,202500
339,False,1,0.4071196870251885,0.09288031297481147,155000
340,False,1,0.4077477330217549,0.09225226697824512,202900
341,False,1,0.4140105791101673,0.08598942088983269,82000
342,False,1,0.4657483928083943,0.03425160719160569,87500
343,False,1,0.44787164847348476,0.05212835152651524,266000
344,False,1,0.45687385248362017,0.04312614751637983,85000
345,False,1,0.3992039983859542,0.10079600161404578,140200
346,False,1,0.43100854316078974,0.06899145683921026,151500
347,False,1,0.41958000493072106,0.08041999506927894,157500
348,False,1,0.4200840376776606,0.07991596232233938,154000
349,True,-1,0.5076252250657565,-0.007625225065756469,437154
350,False,1,0.4355447479379735,0.06445525206202651,318061
351,False,1,0.4373698384463952,0.06263016155360479,190000
352,False,1,0.46057696279563376,0.03942303720436624,95000
353,False,1,0.4083014968558844,0.0916985031441156,105900
354,False,1,0.42165157887575433,0.07834842112424567,140000
355,False,1,0.3924947757277938,0.10750522427220621,177500
356,False,1,0.37160078022548365,0.12839921977451635,173000
357,False,1,0.41026147097037985,0.08973852902962015,134000
358,False,1,0.4705378675243466,0.02946213247565338,130000
359,False,1,0.4392919715025325,0.06070802849746748,280000
360,False,1,0.3942458521572834,0.10575414784271658,156000
361,False,1,0.3932265205935928,0.10677347940640719,145000
362,False,1,0.47335258147933423,0.026647418520665767,198500
363,False,1,0.4645372968918693,0.03546270310813071,118000
364,False,1,0.3996331177068368,0.1003668822931632,190000
365,False,1,0.41649653395428293,0.08350346604571707,147000
366,False,1,0.4290637844089506,0.0709362155910494,159000
367,False,1,0.4391377951966998,0.06086220480330018,165000
368,False,1,0.3995847723685225,0.10041522763147748,132000
369,False,1,0.4467672709214195,0.05323272907858051,162000
370,False,1,0.38804091057571805,0.11195908942428195,172400
371,False,1,0.4206454218281639,0.07935457817183611,134432
372,False,1,0.43826327211774735,0.06173672788225265,125000
373,False,1,0.4039775392201597,0.09602246077984028,123000
374,False,1,0.38181636072468184,0.11818363927531816,219500
375,False,1,0.4882308959285706,0.011769104071429393,61000
376,False,1,0.3787611327533877,0.12123886724661231,148000
377,False,1,0.4495015148248532,0.05049848517514682,340000
378,False,1,0.4767147309613931,0.023285269038606893,394432
379,False,1,0.37280444327296897,0.12719555672703103,179000
380,False,1,0.4360832516575839,0.06391674834241612,127000
381,False,1,0.39796175900327796,0.10203824099672204,187750
382,False,1,0.38185657755166846,0.11814342244833154,213500
383,False,1,0.4118189118179323,0.08818108818206771,76000
384,False,1,0.4673395780811959,0.03266042191880408,240000
385,False,1,0.42541403032338415,0.07458596967661585,192000
386,False,1,0.45602971176826235,0.04397028823173765,81000
387,False,1,0.3924113507966144,0.10758864920338562,125000
388,False,1,0.3802827172260943,0.1197172827739057,191000
389,False,1,0.4474839291805755,0.0525160708194245,426000
390,False,1,0.44155270246032674,0.05844729753967326,119000
391,False,1,0.3947864380766589,0.10521356192334108,215000
392,False,1,0.4267819959940325,0.07321800400596751,106500
393,False,1,0.43627094328971966,0.06372905671028034,100000
394,False,1,0.39017034434598774,0.10982965565401226,109000
395,False,1,0.38320773168526223,0.11679226831473777,129000
396,False,1,0.3858732721290762,0.11412672787092382,123000
397,False,1,0.4057005640276772,0.09429943597232282,169500
398,False,1,0.42987028163398205,0.07012971836601795,67000
399,False,1,0.40157135152298423,0.09842864847701577,241000
400,False,1,0.46704766471289527,0.03295233528710473,245500
401,False,1,0.37955482630202586,0.12044517369797414,164990
402,False,1,0.41070003655707193,0.08929996344292807,108000
403,False,1,0.43230025192369387,0.06769974807630613,258000
404,False,1,0.3683103777067025,0.1316896222932975,168000
405,False,1,0.3901665134991413,0.10983348650085872,150000
406,False,1,0.4323539606437301,0.0676460393562699,115000
407,False,1,0.4284246994215613,0.0715753005784387,177000
408,False,1,0.42077948313619007,0.07922051686380993,280000
409,False,1,0.40634357494194673,0.09365642505805327,339750
410,False,1,0.39857106784152646,0.10142893215847354,60000
411,False,1,0.45263962549702336,0.04736037450297664,145000
412,False,1,0.41770567740512354,0.08229432259487646,222000
413,False,1,0.43017283658581784,0.06982716341418216,115000
414,False,1,0.46159921652551705,0.03840078347448295,228000
415,False,1,0.38119267141719054,0.11880732858280946,181134
416,False,1,0.3853078413606348,0.11469215863936522,149500
417,True,-1,0.5031313405398252,-0.0031313405398252225,239000
418,False,1,0.4031056756772184,0.09689432432278161,126000
419,False,1,0.4002373740133693,0.09976262598663072,142000
420,False,1,0.48980588435878014,0.010194115641219859,206300
421,False,1,0.43661220172344756,0.06338779827655244,215000
422,False,1,0.4150506589589327,0.08494934104106733,113000
423,False,1,0.4226338987959293,0.07736610120407073,315000
424,False,1,0.3761739997785957,0.12382600022140428,139000
425,False,1,0.4388575342403686,0.06114246575963139,135000
426,False,1,0.46674434833527695,0.03325565166472305,275000
427,False,1,0.37251777114184953,0.12748222885815047,109008
428,False,1,0.38529285353250275,0.11470714646749725,195400
429,False,1,0.4205213475209385,0.0794786524790615,175000
430,False,1,0.42935463140885777,0.07064536859114223,85400
431,False,1,0.41725750448019716,0.08274249551980284,79900
432,False,1,0.42736253765660903,0.07263746234339097,122500
433,False,1,0.37025188106389684,0.12974811893610316,181000
434,False,1,0.4766116949695686,0.023388305030431378,81000
435,False,1,0.39634515226935324,0.10365484773064676,212000
436,False,1,0.41419267641285007,0.08580732358714993,116000
437,False,1,0.44181205960939635,0.058187940390603654,119000
438,False,1,0.42346702187967644,0.07653297812032356,90350
439,False,1,0.42828145801295603,0.07171854198704397,110000
440,True,-1,0.5316353463327766,-0.03163534633277665,555000
441,False,1,0.4851593108739099,0.0148406891260901,118000
442,False,1,0.39661259522904807,0.10338740477095193,162900
443,False,1,0.40420902463741926,0.09579097536258074,172500
444,False,1,0.38387916551155443,0.11612083448844557,210000
445,False,1,0.3990374608278522,0.10096253917214781,127500
446,False,1,0.4445235600978473,0.055476439902152674,190000
447,False,1,0.3977498235835152,0.10225017641648482,199900
448,False,1,0.40171273264729523,0.09828726735270477,119500
449,False,1,0.4152487216239313,0.08475127837606872,120000
450,False,1,0.4099778355143919,0.09002216448560812,110000
451,False,1,0.44981887043533686,0.05018112956466314,280000
452,False,1,0.38562420106671247,0.11437579893328753,204000
453,False,1,0.3875171818042567,0.1124828181957433,210000
454,False,1,0.47411527106878404,0.02588472893121596,188000
455,False,1,0.3843671437595973,0.1156328562404027,175500
456,False,1,0.4428620784404137,0.0571379215595863,98000
457,False,1,0.4638731540005787,0.036126845999421286,256000
458,False,1,0.41446481360968607,0.08553518639031393,161000
459,False,1,0.4149603346275379,0.0850396653724621,110000
460,False,1,0.41803771124236705,0.08196228875763295,263435
461,False,1,0.4296868582410821,0.0703131417589179,155000
462,False,1,0.42045999428523034,0.07954000571476966,62383
463,False,1,0.3958340869607243,0.10416591303927569,188700
464,False,1,0.4060844434671939,0.09391555653280609,124000
465,False,1,0.39390667420723435,0.10609332579276565,178740
466,False,1,0.39584720413492014,0.10415279586507986,167000
467,False,1,0.4186930176090137,0.08130698239098633,146500
468,False,1,0.40284435547999686,0.09715564452000314,250000
469,False,1,0.3706597950342131,0.1293402049657869,187000
470,False,1,0.4717891182448058,0.028210881755194206,212000
471,False,1,0.41627529620541004,0.08372470379458996,190000
472,False,1,0.41419121136607073,0.08580878863392927,148000
473,False,1,0.4280157905479449,0.07198420945205508,440000
474,False,1,0.398743212864956,0.10125678713504399,251000
475,False,1,0.4008188257200713,0.09918117427992867,132500
476,False,1,0.37439755968154426,0.12560244031845574,208900
477,False,1,0.4896051121910538,0.010394887808946207,380000
478,False,1,0.4087584766929305,0.09124152330706953,297000
479,False,1,0.4147660631662327,0.08523393683376729,89471
480,False,1,0.4534700619915681,0.046529938008431915,326000
481,False,1,0.43634884583260636,0.06365115416739364,374000
482,False,1,0.4498994445082883,0.05010055549171172,155000
483,False,1,0.3954372618818098,0.10456273811819022,164000
484,False,1,0.3896114694540039,0.11038853054599612,132500
485,False,1,0.4006177730732788,0.09938222692672122,147000
486,False,1,0.3841107450519149,0.11588925494808511,156000
487,False,1,0.40707603279353205,0.09292396720646795,175000
488,False,1,0.48474184933594616,0.015258150664053838,160000
489,False,1,0.4601963807183804,0.03980361928161957,86000
490,False,1,0.41535970618994267,0.08464029381005733,115000
491,False,1,0.440647262850234,0.05935273714976602,133000
492,False,1,0.39681385097680055,0.10318614902319945,172785
493,False,1,0.39447638418689446,0.10552361581310554,155000
494,False,1,0.4490484624026401,0.050951537597359875,91300
495,False,1,0.4818066868854233,0.018193313114576726,34900
496,True,-1,0.5489496781350877,-0.04894967813508766,430000
497,False,1,0.42879202613511763,0.07120797386488237,184000
498,False,1,0.3770405887704064,0.12295941122959358,130000
499,False,1,0.4589467311478211,0.041053268852178915,120000
500,False,1,0.41671177405869636,0.08328822594130364,113000
501,False,1,0.3869937427909231,0.11300625720907692,226700
502,False,1,0.4130809140033371,0.08691908599666293,140000
503,False,1,0.46322688651962635,0.036773113480373654,289000
504,False,1,0.45340708727469525,0.04659291272530475,147000
505,False,1,0.4589632954381677,0.04103670456183228,124500
506,False,1,0.38357741116367344,0.11642258883632656,215000
507,False,1,0.40205029128222447,0.09794970871777553,208300
508,False,1,0.4340886980166614,0.06591130198333861,161000
509,False,1,0.3914371571310066,0.10856284286899343,124500
510,False,1,0.49523760310942727,0.004762396890572729,164900
511,False,1,0.39926906360685366,0.10073093639314634,202665
512,False,1,0.3874895690478469,0.11251043095215307,129900
513,False,1,0.39928728575997013,0.10071271424002987,134000
514,False,1,0.4143528329278342,0.0856471670721658,96500
515,False,1,0.45429468537994105,0.045705314620058946,402861
516,False,1,0.3924291441846181,0.1075708558153819,158000
517,False,1,0.43184994553445616,0.06815005446554384,265000
518,False,1,0.3840185263016279,0.11598147369837208,211000
519,False,1,0.47124050439452386,0.028759495605476137,234000
520,True,-1,0.5259669455302185,-0.0259669455302185,106250
521,False,1,0.40627611931306756,0.09372388068693244,150000
522,False,1,0.4199846776277731,0.08001532237222692,159000
523,True,-1,0.6153376000880448,-0.11533760008804483,184750
524,False,1,0.4228861211140028,0.07711387888599719,315750
525,False,1,0.3905093683450464,0.1094906316549536,176000
526,False,1,0.4110857614488064,0.08891423855119363,132000
527,False,1,0.46358184608575476,0.036418153914245244,446261
528,False,1,0.45094875789236477,0.04905124210763523,86000
529,True,-1,0.558375314392498,-0.05837531439249799,200624
530,False,1,0.3797845985458142,0.1202154014541858,175000
531,False,1,0.41695714826262525,0.08304285173737475,128000
532,False,1,0.4093291309435374,0.0906708690564626,107500
533,True,-1,0.506684774271774,-0.006684774271774052,39300
534,False,1,0.3862507511711013,0.1137492488288987,178000
535,False,1,0.47841215707240214,0.021587842927597856,107500
536,False,1,0.38216528097046065,0.11783471902953935,188000
537,False,1,0.3816790811162165,0.11832091888378349,111250
538,False,1,0.40184828605298,0.09815171394701999,158000
539,False,1,0.4491780154078209,0.050821984592179126,272000
540,False,1,0.4335418103655472,0.06645818963445282,315000
541,False,1,0.40028297361948206,0.09971702638051794,248000
542,False,1,0.4126450911663827,0.0873549088336173,213250
543,False,1,0.42086002278559714,0.07913997721440286,133000
544,False,1,0.39492444090237455,0.10507555909762545,179665
545,False,1,0.4429112859961316,0.05708871400386839,229000
546,False,1,0.41062680161031223,0.08937319838968777,210000
547,False,1,0.3905644570735279,0.10943554292647212,129500
548,False,1,0.4147217408431307,0.08527825915686932,125000
549,False,1,0.4040836315586143,0.09591636844138568,263000
550,False,1,0.4153814507309298,0.0846185492690702,140000
551,False,1,0.3684204974735039,0.13157950252649608,112500
552,False,1,0.4020939041555657,0.09790609584443433,255500
553,False,1,0.4053969422822113,0.09460305771778871,108000
554,False,1,0.41326921577601095,0.08673078422398905,284000
555,False,1,0.4237731839731829,0.07622681602681708,113000
556,False,1,0.40520442982030735,0.09479557017969265,141000
557,False,1,0.4318573472978068,0.06814265270219322,108000
558,False,1,0.42892341314042537,0.07107658685957463,175000
559,False,1,0.39818340053199275,0.10181659946800725,234000
560,False,1,0.4155368721105233,0.08446312788947669,121500
561,False,1,0.39275470138322444,0.10724529861677556,170000
562,False,1,0.4104549749231786,0.08954502507682138,108000
563,False,1,0.4282860039410056,0.07171399605899442,185000
564,False,1,0.3975533360650353,0.10244666393496471,268000
565,False,1,0.4545974320314266,0.04540256796857339,128000
566,False,1,0.43400841139096236,0.06599158860903764,325000
567,False,1,0.3998319110943508,0.10016808890564921,214000
568,False,1,0.44988279807598913,0.05011720192401087,316600
569,False,1,0.4138984198225915,0.08610158017740849,135960
570,False,1,0.4762570373464299,0.02374296265357012,142600
571,False,1,0.39950596337405025,0.10049403662594975,120000
572,False,1,0.3925448362764715,0.10745516372352848,224500
573,False,1,0.3915895354973845,0.10841046450261549,170000
574,False,1,0.4479605310838897,0.052039468916110276,139000
575,False,1,0.4051458071333211,0.0948541928666789,118500
576,False,1,0.45527559648991744,0.044724403510082555,145000
577,False,1,0.44983520619719514,0.05016479380280486,164500
578,False,1,0.41386194567236256,0.08613805432763744,146000
579,False,1,0.41418618478248925,0.08581381521751075,131500
580,False,1,0.4387179683509818,0.06128203164901819,181900
581,False,1,0.44979923321133064,0.05020076678866936,253293
582,False,1,0.4193024955855903,0.0806975044144097,118500
583,True,-1,0.5216172670658796,-0.02161726706587963,325000
584,False,1,0.42074740900086793,0.07925259099913207,133000
585,False,1,0.45203918666178866,0.04796081333821134,369900
586,False,1,0.42765919004359887,0.07234080995640113,130000
587,False,1,0.38237310574189565,0.11762689425810435,137000
588,False,1,0.4687751839506142,0.031224816049385817,143000
589,False,1,0.4230193913587491,0.07698060864125089,79500
590,False,1,0.37528873250436245,0.12471126749563755,185900
591,False,1,0.4845663856048128,0.0154336143951872,451950
592,False,1,0.40737956540756287,0.09262043459243713,138000
593,False,1,0.4060992562285016,0.09390074377149837,140000
594,False,1,0.379005096882113,0.12099490311788702,110000
595,False,1,0.42732239395624005,0.07267760604375995,319000
596,False,1,0.42928045908879564,0.07071954091120436,114504
597,False,1,0.495377556213937,0.004622443786063024,194201
598,False,1,0.4122539465170798,0.0877460534829202,217500
599,False,1,0.43035591058698075,0.06964408941301925,151000
600,False,1,0.3900290415615546,0.1099709584384454,275000
601,False,1,0.4212433563160518,0.07875664368394819,141000
602,False,1,0.40431029464160423,0.09568970535839577,220000
603,False,1,0.43209171974101707,0.06790828025898293,151000
604,False,1,0.3762289256992149,0.1237710743007851,221000
605,False,1,0.4352263513519679,0.06477364864803209,205000
606,False,1,0.38661682791119134,0.11338317208880866,152000
607,False,1,0.43716534086759185,0.06283465913240815,225000
608,False,1,0.4585917175715332,0.04140828242846678,359100
609,False,1,0.39371008691014103,0.10628991308985897,118500
610,False,1,0.43029036923344993,0.06970963076655007,313000
611,False,1,0.42485244303529773,0.07514755696470227,148000
612,False,1,0.3958739234438508,0.1041260765561492,261500
613,False,1,0.41412993881913746,0.08587006118086254,147000
614,False,1,0.49876566881826934,0.0012343311817306635,75500
615,False,1,0.38887334702010873,0.11112665297989127,137500
616,False,1,0.37642050448079784,0.12357949551920216,183200
617,False,1,0.3768138942506342,0.12318610574936578,105500
618,False,1,0.46318131589551115,0.03681868410448885,314813
619,False,1,0.4377470966976044,0.06225290330239558,305000
620,False,1,0.4603355516741946,0.0396644483258054,67000
621,False,1,0.435825795294828,0.06417420470517199,240000
622,False,1,0.3717244056967697,0.12827559430323032,135000
623,False,1,0.41341184973377765,0.08658815026622235,168500
624,False,1,0.44085529305746063,0.05914470694253937,165150
625,False,1,0.44936678947449554,0.05063321052550446,160000
626,False,1,0.4037716665039324,0.09622833349606758,139900
627,False,1,0.4403720347529397,0.05962796524706032,153000
628,False,1,0.4763537158695586,0.023646284130441397,135000
629,False,1,0.3949026186063781,0.1050973813936219,168500
630,False,1,0.4471106679276768,0.052889332072323214,124000
631,False,1,0.40811225840522436,0.09188774159477564,209500
632,False,1,0.3760284807831795,0.12397151921682048,82500
633,False,1,0.44783567505905797,0.05216432494094203,139400
634,True,-1,0.5085366258891884,-0.008536625889188354,144000
635,True,-1,0.5868022979902099,-0.08680229799020989,200000
636,False,1,0.4759015577062708,0.024098442293729205,60000
637,False,1,0.4610734190064035,0.03892658099359653,93000
638,False,1,0.45831686514690173,0.04168313485309827,85000
639,False,1,0.4381928737415598,0.061807126258440204,264561
640,False,1,0.4319396143338352,0.06806038566616479,274000
641,False,1,0.3944397286271033,0.1055602713728967,226000
642,False,1,0.4729347062279412,0.027065293772058796,345000
643,False,1,0.40971931884831503,0.09028068115168497,152000
644,False,1,0.43228427414590903,0.06771572585409097,370878
645,False,1,0.42971093413900313,0.07028906586099687,143250
646,False,1,0.3936141420590985,0.1063858579409015,98300
647,False,1,0.42301657789770647,0.07698342210229353,155000
648,False,1,0.42574827365743884,0.07425172634256116,155000
649,True,-1,0.5015637675866945,-0.00156376758669452,84500
650,False,1,0.38346637712785253,0.11653362287214747,205950
651,False,1,0.4234268772580187,0.0765731227419813,108000
652,False,1,0.37506390978307347,0.12493609021692653,191000
653,False,1,0.435923746931787,0.06407625306821302,135000
654,False,1,0.45348375950544784,0.046516240494552163,350000
655,False,1,0.4473075680231229,0.05269243197687712,88000
656,False,1,0.39345643065197733,0.10654356934802267,145500
657,False,1,0.4201447043081876,0.07985529569181238,149000
658,False,1,0.4568993233403615,0.043100676659638515,97500
659,False,1,0.39521324771361,0.10478675228639,167000
660,False,1,0.43203075698740184,0.06796924301259816,197900
661,True,-1,0.5033115941883435,-0.0033115941883434807,402000
662,False,1,0.4657004467599837,0.03429955324001632,110000
663,False,1,0.4107182396341045,0.08928176036589552,137500
664,True,-1,0.5017865226568987,-0.0017865226568987147,423000
665,False,1,0.4091220011599095,0.09087799884009051,230500
666,False,1,0.4458983521002494,0.05410164789975058,129000
667,False,1,0.3861496946294865,0.1138503053705135,193500
668,False,1,0.40875371019498347,0.09124628980501653,168000
669,False,1,0.42161009740558614,0.07838990259441386,137500
670,False,1,0.39206425277290324,0.10793574722709676,173500
671,False,1,0.4158395777750323,0.08416042222496772,103600
672,False,1,0.38028613988775334,0.11971386011224666,165000
673,False,1,0.4416029005617554,0.058397099438244615,257500
674,False,1,0.3886400532334366,0.11135994676656341,140000
675,False,1,0.4009847475708766,0.0990152524291234,148500
676,True,-1,0.5247166298548358,-0.024716629854835803,87000
677,False,1,0.45222127197904977,0.047778728020950234,109500
678,False,1,0.4407123111025179,0.059287688897482094,372500
679,False,1,0.3836420363302068,0.11635796366979317,128500
680,False,1,0.39840875585084423,0.10159124414915577,143000
681,False,1,0.3898018709677519,0.11019812903224813,159434
682,False,1,0.39986170667862597,0.10013829332137403,173000
683,False,1,0.4035308929549769,0.0964691070450231,285000
684,False,1,0.399484429775012,0.10051557022498803,221000
685,False,1,0.4089335310976819,0.09106646890231812,207500
686,False,1,0.40167848031822945,0.09832151968177055,227875
687,False,1,0.4175203952786046,0.08247960472139543,148800
688,False,1,0.3934853832099485,0.10651461679005148,392000
689,False,1,0.3920046548854408,0.10799534511455922,194700
690,False,1,0.4142294269684001,0.0857705730315999,141000
691,True,-1,0.62531752064712,-0.12531752064711998,755000
692,False,1,0.464684497725854,0.03531550227414598,335000
693,False,1,0.4210468316651229,0.07895316833487709,108480
694,False,1,0.3939270522688804,0.10607294773111958,141500
695,False,1,0.38300633350670527,0.11699366649329473,176000
696,False,1,0.4492457644760658,0.05075423552393421,89000
697,False,1,0.44738414693147477,0.05261585306852523,123500
698,False,1,0.432184873855051,0.067815126144949,138500
699,False,1,0.40200504426894695,0.09799495573105305,196000
700,False,1,0.4271035783283826,0.07289642167161742,312500
701,False,1,0.39125835738950426,0.10874164261049574,140000
702,False,1,0.4464763188387574,0.05352368116124262,361919
703,True,-1,0.5162763777788871,-0.01627637777888713,140000
704,False,1,0.416009202153152,0.08399079784684799,213000
705,True,-1,0.534903875146925,-0.034903875146924945,55000
706,False,1,0.4734135613792886,0.026586438620711417,302000
707,False,1,0.4049852964432685,0.09501470355673147,254000
708,False,1,0.37534299527591436,0.12465700472408564,179540
709,False,1,0.38441620900470586,0.11558379099529414,109900
710,False,1,0.4307151232585349,0.0692848767414651,52000
711,False,1,0.43562335812229197,0.06437664187770803,102776
712,False,1,0.39774188533143534,0.10225811466856466,189000
713,False,1,0.4407173907135815,0.059282609286418486,129000
714,False,1,0.40393735558976157,0.09606264441023843,130500
715,False,1,0.37560130685208215,0.12439869314791785,165000
716,False,1,0.4627723835929386,0.037227616407061404,159500
717,False,1,0.4256181030462827,0.07438189695371727,157000
718,False,1,0.4796436211663722,0.020356378833627786,341000
719,False,1,0.38021276114001623,0.11978723885998377,128500
720,False,1,0.4404894798758464,0.05951052012415359,275000
721,False,1,0.4279633403607277,0.0720366596392723,143000
722,False,1,0.37679696015403397,0.12320303984596603,124500
723,False,1,0.4123425745298295,0.08765742547017052,135000
724,False,1,0.4322966223844035,0.06770337761559653,320000
725,False,1,0.4176169646348715,0.08238303536512848,120500
726,False,1,0.4554353878038482,0.04456461219615182,222000
727,False,1,0.39172067364944546,0.10827932635055454,194500
728,False,1,0.47618269990287854,0.023817300097121463,110000
729,False,1,0.4433217288346165,0.05667827116538349,103000
730,False,1,0.42525153238587887,0.07474846761412113,236500
731,False,1,0.3867626369817484,0.1132373630182516,187500
732,False,1,0.37390444683825164,0.12609555316174836,222500
733,False,1,0.3930118916270227,0.10698810837297729,131400
734,False,1,0.3761939668729167,0.12380603312708333,108000
735,False,1,0.4838094460585885,0.0161905539414115,163000
736,False,1,0.4592539352666762,0.04074606473332382,93500
737,False,1,0.4011244493096776,0.09887555069032239,239900
738,False,1,0.46260534306665035,0.037394656933349646,179000
739,False,1,0.38041562156453096,0.11958437843546904,190000
740,False,1,0.4466821315127816,0.05331786848721842,132000
741,False,1,0.4269947922799992,0.0730052077200008,142000
742,False,1,0.3897999391608877,0.11020006083911232,179000
743,False,1,0.4424483826165679,0.05755161738343212,175000
744,False,1,0.4364276697677553,0.06357233023224468,180000
745,True,-1,0.5245386002726994,-0.024538600272699385,299800
746,False,1,0.3879982940110559,0.1120017059889441,236000
747,True,-1,0.5114847867615937,-0.011484786761593702,265979
748,False,1,0.43022677945445065,0.06977322054554935,260400
749,False,1,0.4632541487584367,0.03674585124156332,98000
750,False,1,0.44003946993242415,0.059960530067575846,96500
751,False,1,0.3754735215479453,0.12452647845205472,162000
752,False,1,0.3867434635403995,0.11325653645960049,217000
753,False,1,0.40905896016010285,0.09094103983989715,275500
754,False,1,0.40286421903295017,0.09713578096704983,156000
755,False,1,0.436094481666871,0.06390551833312902,172500
756,False,1,0.3873711726406913,0.11262882735930868,212000
757,False,1,0.3969207820719871,0.10307921792801289,158900
758,False,1,0.4124759712924035,0.08752402870759651,179400
759,False,1,0.44364554458832967,0.056354455411670334,290000
760,False,1,0.4057725320009049,0.0942274679990951,127500
761,False,1,0.3878840138155391,0.11211598618446089,100000
762,False,1,0.38836150809829983,0.11163849190170017,215200
763,False,1,0.45372436601049804,0.04627563398950196,337000
764,False,1,0.4631962457356142,0.03680375426438581,270000
765,False,1,0.40862523104635357,0.09137476895364643,264132
766,False,1,0.4310169408175129,0.0689830591824871,196500
767,False,1,0.45642773762708105,0.043572262372918946,160000
768,False,1,0.4071762131271214,0.09282378687287862,216837
769,True,-1,0.5758800917588521,-0.07588009175885213,538000
770,False,1,0.37899005414996406,0.12100994585003594,134900
771,False,1,0.3916486495298904,0.10835135047010958,102000
772,False,1,0.3906647541222978,0.10933524587770221,107000
773,False,1,0.3693976508131724,0.13060234918682762,114500
774,False,1,0.44463408795324894,0.055365912046751065,395000
775,False,1,0.41232767338432597,0.08767232661567403,162000
776,False,1,0.4082696381610639,0.09173036183893613,221500
777,False,1,0.3871565548040583,0.1128434451959417,142500
778,False,1,0.48855698989747137,0.011443010102528628,144000
779,False,1,0.38646019685838556,0.11353980314161444,135000
780,False,1,0.37476976684554913,0.12523023315445087,176000
781,False,1,0.3761259147464129,0.12387408525358712,175900
782,False,1,0.38898228423472075,0.11101771576527925,187100
783,False,1,0.4073522790240294,0.09264772097597063,165500
784,False,1,0.4655764130203486,0.03442358697965142,128000
785,False,1,0.4149314167138787,0.08506858328612132,161500
786,False,1,0.47328967477380246,0.02671032522619754,139000
787,False,1,0.4200128490607517,0.0799871509392483,233000
788,False,1,0.39824289605550073,0.10175710394449927,107900
789,False,1,0.42805083444733194,0.07194916555266806,187500
790,False,1,0.3954569344351713,0.10454306556482867,160200
791,False,1,0.3864877313537335,0.11351226864626651,146800
792,False,1,0.387138266737018,0.11286173326298199,269790
793,False,1,0.3920288498179229,0.10797115018207709,225000
794,False,1,0.3998297504666214,0.10017024953337861,194500
795,False,1,0.40172085336423197,0.09827914663576803,171000
796,False,1,0.37835215662336835,0.12164784337663165,143500
797,False,1,0.38654074293137625,0.11345925706862375,110000
798,True,-1,0.5332161273244626,-0.03321612732446255,485000
799,False,1,0.46834555628273633,0.03165444371726367,175000
800,False,1,0.4588472736818117,0.04115272631818828,200000
801,False,1,0.4081122768315429,0.09188772316845711,109900
802,False,1,0.3866743934529497,0.11332560654705032,189000
803,True,-1,0.5448863277008446,-0.04488632770084455,582933
804,False,1,0.3778289658373721,0.12217103416262792,118000
805,False,1,0.3896376426745982,0.11036235732540178,227680
806,False,1,0.4049250059200592,0.0950749940799408,135500
807,True,-1,0.5124332477550682,-0.012433247755068155,223500
808,False,1,0.4106495570591012,0.08935044294089878,159950
809,True,-1,0.50669484812235,-0.0066948481223499945,106000
810,False,1,0.4404105642495297,0.05958943575047032,181000
811,False,1,0.4016374998568033,0.0983625001431967,144500
812,False,1,0.3911029462451732,0.10889705375482678,55993
813,False,1,0.46080206983476646,0.03919793016523354,157900
814,False,1,0.4548670204904128,0.04513297950958722,116000
815,False,1,0.41014011073191864,0.08985988926808136,224900
816,False,1,0.3957617448823538,0.10423825511764617,137000
817,False,1,0.41517794016683,0.08482205983316998,271000
818,False,1,0.3791050067293731,0.12089499327062692,155000
819,False,1,0.40446936303239595,0.09553063696760405,224000
820,False,1,0.3743126893225604,0.1256873106774396,183000
821,False,1,0.42115887303759114,0.07884112696240886,93000
822,False,1,0.37812937312648853,0.12187062687351147,225000
823,False,1,0.4059325738970147,0.0940674261029853,139500
824,False,1,0.3943752297092497,0.10562477029075029,232600
825,False,1,0.46588094782345313,0.03411905217654687,385000
826,False,1,0.43706782110714,0.06293217889286001,109500
827,False,1,0.3869078721953104,0.11309212780468958,189000
828,True,-1,0.5033496394690081,-0.0033496394690081255,185000
829,False,1,0.4480170790333404,0.051982920966659574,147400
830,False,1,0.42914256123195477,0.07085743876804523,166000
831,False,1,0.4455117072104778,0.05448829278952222,151000
832,False,1,0.4170525975939342,0.0829474024060658,237000
833,False,1,0.42974306272484447,0.07025693727515553,167000
834,False,1,0.373328164139702,0.126671835860298,139950
835,False,1,0.41137860864831594,0.08862139135168406,128000
836,False,1,0.4455315416810945,0.05446845831890551,153500
837,False,1,0.43884742385294456,0.06115257614705544,100000
838,False,1,0.3992347799041815,0.10076522009581851,144000
839,False,1,0.3795252099683537,0.1204747900316463,130500
840,False,1,0.44457324355173844,0.05542675644826156,140000
841,False,1,0.4109057878878867,0.08909421211211332,157500
842,False,1,0.4118915327012092,0.0881084672987908,174900
843,True,-1,0.5038167779814432,-0.003816777981443198,141000
844,False,1,0.475670043631756,0.024329956368243977,153900
845,False,1,0.4263347506730358,0.07366524932696422,171000
846,False,1,0.40673663552897155,0.09326336447102845,213000
847,False,1,0.38705435127092747,0.11294564872907253,133500
848,True,-1,0.5287915429531181,-0.028791542953118143,240000
849,False,1,0.3906862531582842,0.1093137468417158,187000
850,False,1,0.4301655918064009,0.0698344081935991,131500
851,False,1,0.3946480174262129,0.10535198257378708,215000
852,False,1,0.43838809806911716,0.06161190193088284,164000
853,False,1,0.38315705407996287,0.11684294592003713,158000
854,True,-1,0.5126670095286326,-0.012667009528632645,170000
855,False,1,0.4068977908664397,0.09310220913356032,127000
856,False,1,0.3976276702140479,0.10237232978595212,147000
857,False,1,0.37686066894665265,0.12313933105334735,174000
858,False,1,0.37454963301402594,0.12545036698597406,152000
859,False,1,0.4423490703555848,0.057650929644415205,250000
860,False,1,0.42849356237318165,0.07150643762681835,189950
861,False,1,0.41430779074175594,0.08569220925824406,131500
862,False,1,0.3743737002835549,0.12562629971644512,152000
863,False,1,0.3908990517466983,0.10910094825330169,132500
864,False,1,0.38764849788327516,0.11235150211672484,250580
865,False,1,0.38992205078068926,0.11007794921931074,148500
866,False,1,0.4102420766775488,0.0897579233224512,248900
867,False,1,0.40954268442508346,0.09045731557491654,129000
868,False,1,0.45201002552019187,0.04798997447980813,169000
869,False,1,0.3912714908556255,0.10872850914437449,236000
870,False,1,0.38076359816042665,0.11923640183957335,109500
871,False,1,0.37945980111855704,0.12054019888144296,200500
872,False,1,0.41639929113560437,0.08360070886439563,116000
873,False,1,0.4062147474756675,0.09378525252433251,133000
874,False,1,0.4081862725614395,0.09181372743856048,66500
875,False,1,0.4517410452195379,0.048258954780462104,303477
876,False,1,0.4132387058281171,0.08676129417188289,132250
877,False,1,0.42856364325915214,0.07143635674084786,350000
878,False,1,0.4054901992863703,0.09450980071362969,148000
879,False,1,0.3903034778332302,0.10969652216676978,136500
880,False,1,0.39543275674940226,0.10456724325059774,157000
881,False,1,0.3834344326239699,0.11656556737603008,187500
882,False,1,0.3899833650627247,0.11001663493727531,178000
883,True,-1,0.5100467548206665,-0.010046754820666526,118500
884,False,1,0.36902015311941244,0.13097984688058756,100000
885,False,1,0.42230930800252087,0.07769069199747913,328900
886,False,1,0.44844639583312984,0.05155360416687016,145000
887,False,1,0.4304870365149799,0.06951296348502012,135500
888,False,1,0.4931841119300392,0.006815888069960807,268000
889,False,1,0.44891749911495094,0.051082500885049065,149500
890,False,1,0.4222403069910518,0.0777596930089482,122900
891,False,1,0.39229960749282644,0.10770039250717356,172500
892,False,1,0.43659134024243357,0.06340865975756643,154500
893,False,1,0.414481775487701,0.08551822451229901,165000
894,False,1,0.43450530824287725,0.06549469175712275,118858
895,False,1,0.4030965637513083,0.09690343624869169,140000
896,False,1,0.39885838253539324,0.10114161746460676,106500
897,False,1,0.4764254929314912,0.023574507068508777,142953
898,True,-1,0.5269836855202255,-0.026983685520225453,611657
899,False,1,0.37324626536943206,0.12675373463056794,135000
900,False,1,0.3819277492012523,0.11807225079874772,110000
901,False,1,0.3947391568889556,0.10526084311104439,153000
902,False,1,0.37602769652878504,0.12397230347121496,180000
903,False,1,0.4036459450894391,0.09635405491056093,240000
904,False,1,0.3712027901099404,0.1287972098900596,125500
905,False,1,0.4187112864449754,0.0812887135550246,128000
906,False,1,0.4185755925713892,0.08142440742861079,255000
907,False,1,0.4517691973782221,0.048230802621777924,250000
908,False,1,0.39097450733809197,0.10902549266190803,131000
909,False,1,0.4024746340805439,0.0975253659194561,174000
910,False,1,0.48210775117734744,0.017892248822652557,154300
911,False,1,0.4020651085907509,0.0979348914092491,143500
912,False,1,0.45127022549757184,0.04872977450242816,88000
913,False,1,0.46403053813970563,0.03596946186029437,145000
914,False,1,0.4319350202603716,0.06806497973962838,173733
915,False,1,0.44416443050025695,0.055835569499743054,75000
916,False,1,0.4718920499880922,0.0281079500119078,35311
917,False,1,0.39141063657042124,0.10858936342957876,135000
918,False,1,0.48122777993925586,0.018772220060744138,238000
919,False,1,0.4220833880745046,0.07791661192549543,176500
920,False,1,0.41671668738207673,0.08328331261792327,201000
921,True,-1,0.5440902523270549,-0.04409025232705488,145900
922,False,1,0.3878558952547232,0.11214410474527681,169990
923,False,1,0.4121900675881202,0.08780993241187979,193000
924,False,1,0.4393177832392448,0.06068221676075519,207500
925,False,1,0.4173902488391856,0.08260975116081443,175000
926,False,1,0.42182297199564145,0.07817702800435855,285000
927,False,1,0.3910925489910865,0.10890745100891353,176000
928,False,1,0.40137013671242705,0.09862986328757295,236500
929,False,1,0.40576651506530215,0.09423348493469785,222000
930,False,1,0.39449461348429693,0.10550538651570307,201000
931,False,1,0.42529634323774634,0.07470365676225366,117500
932,False,1,0.44301657094286206,0.056983429057137935,320000
933,False,1,0.38809459684878106,0.11190540315121894,190000
934,False,1,0.4688173944779238,0.03118260552207619,242000
935,False,1,0.4136940594222169,0.08630594057778312,79900
936,False,1,0.3787949733170179,0.12120502668298211,184900
937,False,1,0.39078320390335175,0.10921679609664825,253000
938,False,1,0.4020588363887123,0.09794116361128768,239799
939,True,-1,0.5195380563616626,-0.019538056361662615,244400
940,False,1,0.4448058636019358,0.0551941363980642,150900
941,False,1,0.4084021501799878,0.09159784982001218,214000
942,True,-1,0.5331195230173436,-0.033119523017343555,150000
943,False,1,0.46232755657542834,0.037672443424571656,143000
944,False,1,0.48649918496274863,0.013500815037251368,137500
945,False,1,0.44870176596858974,0.05129823403141026,124900
946,False,1,0.40442329876248545,0.09557670123751455,143000
947,False,1,0.43763471409624666,0.06236528590375334,270000
948,False,1,0.3927830350880458,0.1072169649119542,192500
949,False,1,0.40354323456281266,0.09645676543718734,197500
950,False,1,0.3984091393074005,0.10159086069259948,129000
951,False,1,0.39825729477520977,0.10174270522479023,119900
952,False,1,0.44018301211911065,0.05981698788088935,133900
953,False,1,0.4662578893342293,0.03374211066577071,172000
954,False,1,0.4888717443783113,0.011128255621688676,127500
955,False,1,0.4594489430712556,0.04055105692874439,145000
956,False,1,0.41778338658016556,0.08221661341983444,124000
957,False,1,0.36635620147671366,0.13364379852328634,132000
958,False,1,0.38286588342712974,0.11713411657287026,185000
959,False,1,0.4182414334310229,0.08175856656897712,155000
960,False,1,0.4437150681069309,0.0562849318930691,116500
961,False,1,0.4774492646311168,0.02255073536888319,272000
962,False,1,0.4023786118347333,0.09762138816526672,155000
963,False,1,0.43133109481848025,0.06866890518151975,239000
964,False,1,0.40519632452603677,0.09480367547396323,214900
965,False,1,0.3728044791059756,0.12719552089402442,178900
966,False,1,0.4379999799883569,0.06200002001164312,160000
967,False,1,0.38102504328997133,0.11897495671002867,135000
968,False,1,0.4324910722610656,0.06750892773893441,37900
969,False,1,0.41132506491662896,0.08867493508337104,140000
970,False,1,0.44373315117160167,0.05626684882839833,135000
971,False,1,0.40650852415532934,0.09349147584467066,173000
972,False,1,0.4004278261933575,0.09957217380664252,99500
973,False,1,0.39964930147417654,0.10035069852582346,182000
974,False,1,0.4452574436254096,0.05474255637459041,167500
975,False,1,0.40770864396421236,0.09229135603578764,165000
976,False,1,0.4281844589345061,0.07181554106549393,85500
977,False,1,0.4415123131655984,0.05848768683440159,199900
978,False,1,0.37763840860650855,0.12236159139349145,110000
979,False,1,0.3738838328312511,0.1261161671687489,139000
980,False,1,0.40996703945187984,0.09003296054812016,178400
981,False,1,0.44464957962091795,0.055350420379082055,336000
982,False,1,0.3978396431215471,0.10216035687845287,159895
983,False,1,0.3982474682598137,0.10175253174018628,255900
984,False,1,0.4350215361394782,0.0649784638605218,126000
985,False,1,0.4172449854245073,0.08275501457549272,125000
986,False,1,0.42878163164564026,0.07121836835435974,117000
987,False,1,0.4468035616746461,0.05319643832535392,395192
988,False,1,0.4031591025027785,0.09684089749722152,195000
989,False,1,0.38311471575640116,0.11688528424359884,197000
990,False,1,0.4186140362846955,0.08138596371530449,348000
991,False,1,0.46714204471092563,0.03285795528907437,168000
992,False,1,0.39913634454709424,0.10086365545290576,187000
993,False,1,0.3802024298534286,0.11979757014657139,173900
994,False,1,0.41304170595660356,0.08695829404339644,337500
995,False,1,0.4262857341439783,0.0737142658560217,121600
996,False,1,0.4274576640393104,0.0725423359606896,136500
997,False,1,0.43242413059626805,0.06757586940373195,185000
998,False,1,0.4452421974932934,0.05475780250670659,91000
999,False,1,0.39737986756399346,0.10262013243600654,206000
1000,False,1,0.41857614421908373,0.08142385578091627,82000
1001,False,1,0.43579783779769016,0.06420216220230984,86000
1002,False,1,0.39309230261853145,0.10690769738146855,232000
1003,False,1,0.438327369395236,0.06167263060476402,136905
1004,False,1,0.40775862850045075,0.09224137149954925,181000
1005,False,1,0.40063139811707943,0.09936860188292057,149900
1006,False,1,0.45331640906278164,0.046683590937218356,163500
1007,False,1,0.4519455822269596,0.048054417773040425,88000
1008,False,1,0.4144523608800373,0.08554763911996272,240000
1009,False,1,0.4767922340959081,0.023207765904091904,102000
1010,False,1,0.4333611212038198,0.06663887879618019,135000
1011,False,1,0.4735044536950729,0.02649554630492712,100000
1012,False,1,0.46047315145130036,0.039526848548699645,165000
1013,False,1,0.43866495491649415,0.061335045083505846,85000
1014,False,1,0.4004798216165198,0.0995201783834802,119200
1015,False,1,0.3976807281937804,0.10231927180621958,227000
1016,False,1,0.3741424597475534,0.1258575402524466,203000
1017,False,1,0.40690738699795287,0.09309261300204713,187500
1018,False,1,0.3765403453333951,0.12345965466660491,160000
1019,False,1,0.3985877554081165,0.10141224459188353,213490
1020,False,1,0.4092994457822703,0.09070055421772971,176000
1021,False,1,0.38291841497874446,0.11708158502125554,194000
1022,False,1,0.4063052311606339,0.09369476883936612,87000
1023,False,1,0.393426835655974,0.10657316434402597,191000
1024,False,1,0.4912715465679557,0.008728453432044314,287000
1025,False,1,0.397426289251385,0.10257371074861499,112500
1026,False,1,0.4244910256516267,0.07550897434837328,167500
1027,False,1,0.4124357627492333,0.08756423725076667,293077
1028,False,1,0.39206613613481556,0.10793386386518444,105000
1029,False,1,0.46130530849987855,0.03869469150012145,118000
1030,True,-1,0.5287176971993433,-0.02871769719934325,160000
1031,True,-1,0.5137130501656777,-0.013713050165677698,197000
1032,False,1,0.4594263155492584,0.04057368445074161,310000
1033,False,1,0.42515728713691503,0.07484271286308497,230000
1034,False,1,0.3918625128801963,0.1081374871198037,119750
1035,False,1,0.4247922306455385,0.0752077693544615,84000
1036,False,1,0.41423763760197,0.08576236239802998,315500
1037,False,1,0.42103746773837425,0.07896253226162575,287000
1038,False,1,0.4484799366533351,0.051520063346664924,97000
1039,False,1,0.4540564042136807,0.04594359578631929,80000
1040,False,1,0.4304346617356797,0.06956533826432032,155000
1041,False,1,0.4307044039364411,0.0692955960635589,173000
1042,False,1,0.40842655070998407,0.09157344929001593,196000
1043,False,1,0.4101092818250645,0.08989071817493549,262280
1044,False,1,0.4718502547375784,0.028149745262421588,278000
1045,False,1,0.42676769522220537,0.07323230477779463,139600
1046,False,1,0.4904998946432306,0.009500105356769373,556581
1047,False,1,0.4228539215784002,0.07714607842159982,145000
1048,False,1,0.4428622627128574,0.05713773728714261,115000
1049,False,1,0.41962145712067855,0.08037854287932145,84900
1050,False,1,0.3806691342937166,0.11933086570628337,176485
1051,False,1,0.3888930629435182,0.11110693705648178,200141
1052,False,1,0.42834426887015925,0.07165573112984075,165000
1053,False,1,0.39420702147846803,0.10579297852153197,144500
1054,False,1,0.4037125352019602,0.09628746479803979,255000
1055,False,1,0.4340740372865232,0.06592596271347678,180000
1056,False,1,0.39224215401699103,0.10775784598300897,185850
1057,False,1,0.40800697609495085,0.09199302390504915,248000
1058,False,1,0.4266528766853682,0.07334712331463178,335000
1059,False,1,0.45145311166534846,0.04854688833465154,220000
1060,False,1,0.4319114257014254,0.06808857429857462,213500
1061,False,1,0.47200547844010826,0.02799452155989174,81000
1062,True,-1,0.5110451117746491,-0.011045111774649063,90000
1063,False,1,0.38028725003139174,0.11971274996860826,110500
1064,False,1,0.3937838668748792,0.10621613312512079,154000
1065,False,1,0.4182906029377921,0.08170939706220792,328000
1066,False,1,0.37581198055810594,0.12418801944189406,178000
1067,False,1,0.4396289641706918,0.060371035829308195,167900
1068,False,1,0.48232655694707094,0.01767344305292906,151400
1069,False,1,0.418316398336899,0.08168360166310101,135000
1070,False,1,0.3952025478434234,0.1047974521565766,135000
1071,False,1,0.3834688139277301,0.11653118607226992,154000
1072,False,1,0.44940825979896526,0.05059174020103474,91500
1073,False,1,0.38397060455380166,0.11602939544619834,159500
1074,False,1,0.4040091190839045,0.09599088091609548,194000
1075,False,1,0.4136637046618946,0.08633629533810538,219500
1076,False,1,0.46800351244601296,0.03199648755398704,170000
1077,False,1,0.42196950878052875,0.07803049121947125,138800
1078,False,1,0.4241783375273461,0.07582166247265387,155900
1079,False,1,0.375037344175451,0.12496265582454902,126000
1080,False,1,0.4485100210462794,0.051489978953720594,145000
1081,False,1,0.41469439806992353,0.08530560193007647,133000
1082,False,1,0.37753293234685953,0.12246706765314047,192000
1083,False,1,0.4423766928100241,0.05762330718997588,160000
1084,False,1,0.3849757730644544,0.11502422693554559,187500
1085,False,1,0.38823208100825946,0.11176791899174054,147000
1086,False,1,0.42613139417812285,0.07386860582187715,83500
1087,False,1,0.4060115149895476,0.09398848501045243,252000
1088,False,1,0.4108566007165625,0.08914339928343751,137500
1089,False,1,0.4247118328087148,0.07528816719128523,197000
1090,False,1,0.44993380816581424,0.05006619183418576,92900
1091,False,1,0.42837317262045416,0.07162682737954584,160000
1092,False,1,0.4406755174310964,0.0593244825689036,136500
1093,False,1,0.4211049828965688,0.07889501710343122,146000
1094,False,1,0.42963413762957536,0.07036586237042464,129000
1095,False,1,0.38286288320873857,0.11713711679126143,176432
1096,False,1,0.4395239786890334,0.06047602131096658,127000
1097,False,1,0.42925707247531536,0.07074292752468464,170000
1098,False,1,0.4060248003923474,0.0939751996076526,128000
1099,False,1,0.3739690027344202,0.1260309972655798,157000
1100,False,1,0.47469287720051007,0.025307122799489934,60000
1101,False,1,0.3772560350874955,0.1227439649125045,119500
1102,False,1,0.3788107268590867,0.12118927314091332,135000
1103,False,1,0.4316854723469634,0.06831452765303658,159500
1104,False,1,0.417677257420923,0.08232274257907701,106000
1105,False,1,0.4424306412746709,0.05756935872532909,325000
1106,False,1,0.40059595959814626,0.09940404040185374,179900
1107,False,1,0.43626581819793836,0.06373418180206164,274725
1108,False,1,0.3770478511595268,0.12295214884047317,181000
1109,False,1,0.42287531939673967,0.07712468060326033,280000
1110,False,1,0.3781679586127076,0.12183204138729242,188000
1111,False,1,0.40322577101245183,0.09677422898754817,205000
1112,False,1,0.39132853430443776,0.10867146569556224,129900
1113,False,1,0.38453003527355617,0.11546996472644383,134500
1114,False,1,0.39230790994765596,0.10769209005234404,117000
1115,False,1,0.41971525254531095,0.08028474745468905,318000
1116,False,1,0.39452816670389235,0.10547183329610765,184100
1117,False,1,0.37881461368100117,0.12118538631899883,130000
1118,False,1,0.4421044535983701,0.057895546401629916,140000
1119,False,1,0.40196103831011015,0.09803896168988985,133700
1120,False,1,0.42064052591606854,0.07935947408393146,118400
1121,False,1,0.40219716798158434,0.09780283201841566,212900
1122,False,1,0.414530223583665,0.08546977641633502,112000
1123,False,1,0.48425853633119664,0.015741463668803357,118000
1124,False,1,0.3748980580044931,0.1251019419955069,163900
1125,False,1,0.39543568341480556,0.10456431658519444,115000
1126,False,1,0.40594382323859723,0.09405617676140277,174000
1127,False,1,0.4311070763601028,0.06889292363989719,259000
1128,False,1,0.3846939205751681,0.1153060794248319,215000
1129,False,1,0.3897613630288648,0.11023863697113517,140000
1130,False,1,0.46902337425850177,0.03097662574149823,135000
1131,False,1,0.4024451664767951,0.09755483352320488,93500
1132,False,1,0.4660351403547257,0.03396485964527429,117500
1133,False,1,0.3829082758553134,0.1170917241446866,239500
1134,False,1,0.3693492372250051,0.13065076277499488,169000
1135,False,1,0.40988845037068666,0.09011154962931334,102000
1136,False,1,0.3879151181713562,0.11208488182864379,119000
1137,False,1,0.4609812413240458,0.039018758675954224,94000
1138,False,1,0.421989987777495,0.07801001222250498,196000
1139,False,1,0.4176916952207065,0.08230830477929352,144000
1140,False,1,0.40086597240585264,0.09913402759414736,139000
1141,False,1,0.41582055385784455,0.08417944614215545,197500
1142,False,1,0.4832244488225066,0.01677555117749341,424870
1143,False,1,0.406029530084297,0.09397046991570301,80000
1144,False,1,0.4366425335150339,0.0633574664849661,80000
1145,False,1,0.4135162724582756,0.0864837275417244,149000
1146,False,1,0.38640816076144996,0.11359183923855004,180000
1147,False,1,0.40143541547468947,0.09856458452531053,174500
1148,False,1,0.4210997281907496,0.07890027180925041,116900
1149,False,1,0.4587973317573472,0.041202668242652785,143000
1150,False,1,0.4198378460911941,0.08016215390880588,124000
1151,False,1,0.47434805846247946,0.02565194153752054,149900
1152,False,1,0.45038037924590746,0.04961962075409254,230000
1153,False,1,0.407705336694094,0.09229466330590602,120500
1154,False,1,0.44654635033539836,0.05345364966460164,201800
1155,False,1,0.4063436872949371,0.09365631270506292,218000
1156,False,1,0.43152675025271753,0.06847324974728247,179900
1157,False,1,0.39403035876124415,0.10596964123875585,230000
1158,False,1,0.40357768288029555,0.09642231711970445,235128
1159,False,1,0.3845747247319618,0.1154252752680382,185000
1160,False,1,0.40258981242614583,0.09741018757385417,146000
1161,False,1,0.4319783570959468,0.06802164290405321,224000
1162,False,1,0.3727273696806612,0.12727263031933878,129000
1163,True,-1,0.5125444727127073,-0.01254447271270731,108959
1164,False,1,0.4173107703002569,0.08268922969974313,194000
1165,False,1,0.3986748040064988,0.1013251959935012,233170
1166,False,1,0.42486198077717174,0.07513801922282826,245350
1167,False,1,0.3892560974367889,0.1107439025632111,173000
1168,False,1,0.4387306317170844,0.061269368282915626,235000
1169,True,-1,0.5578677939338853,-0.0578677939338853,625000
1170,False,1,0.3917682748227967,0.10823172517720331,171000
1171,False,1,0.4483013205069832,0.05169867949301682,163000
1172,False,1,0.4140027154766464,0.08599728452335359,171900
1173,True,-1,0.564524043236154,-0.06452404323615402,200500
1174,False,1,0.44009571609002196,0.05990428390997804,239000
1175,False,1,0.42671305691144634,0.07328694308855366,285000
1176,False,1,0.4030892237336569,0.09691077626634309,119500
1177,False,1,0.4382679562277243,0.0617320437722757,115000
1178,False,1,0.4370151752620078,0.06298482473799222,154900
1179,False,1,0.44732673638675585,0.05267326361324415,93000
1180,False,1,0.42530701526661024,0.07469298473338976,250000
1181,False,1,0.47452111323405904,0.025478886765940956,392500
1182,True,-1,0.5695544180121418,-0.0695544180121418,745000
1183,False,1,0.3995639963442324,0.1004360036557676,120000
1184,True,-1,0.5109164692099,-0.01091646920989997,186700
1185,False,1,0.42140477105795215,0.07859522894204785,104900
1186,False,1,0.49407207329028513,0.00592792670971487,95000
1187,False,1,0.43914227749643725,0.06085772250356275,262000
1188,False,1,0.3726151929142609,0.12738480708573913,195000
1189,False,1,0.37954079295459964,0.12045920704540036,189000
1190,False,1,0.4907525266520117,0.009247473347988311,168000
1191,False,1,0.43444147133561467,0.06555852866438533,174000
1192,False,1,0.41087834667171425,0.08912165332828575,125000
1193,False,1,0.42047119153493995,0.07952880846506005,165000
1194,False,1,0.4190284116326528,0.08097158836734719,158000
1195,False,1,0.378564382718088,0.12143561728191199,176000
1196,False,1,0.42174734205231834,0.07825265794768166,219210
1197,False,1,0.4620547544719495,0.03794524552805051,144000
1198,False,1,0.38895997544242494,0.11104002455757506,178000
1199,False,1,0.3911346741724706,0.10886532582752939,148000
1200,False,1,0.3830063616200486,0.11699363837995141,116050
1201,False,1,0.3828641280080936,0.11713587199190639,197900
1202,False,1,0.43035969500017457,0.06964030499982543,117000
1203,False,1,0.40531951294525526,0.09468048705474474,213000
1204,False,1,0.38711788419413684,0.11288211580586316,153500
1205,False,1,0.4301311972900157,0.0698688027099843,271900
1206,False,1,0.4095689763922778,0.0904310236077222,107000
1207,False,1,0.3979925480386808,0.10200745196131922,200000
1208,False,1,0.37853939490630734,0.12146060509369266,140000
1209,False,1,0.4102042137931385,0.08979578620686152,290000
1210,False,1,0.4291324767269516,0.0708675232730484,189000
1211,False,1,0.43970147325730663,0.06029852674269337,164000
1212,False,1,0.41900973579990886,0.08099026420009114,113000
1213,False,1,0.485551082225811,0.014448917774188996,145000
1214,False,1,0.38892691480304553,0.11107308519695447,134500
1215,False,1,0.38648985593590285,0.11351014406409715,125000
1216,False,1,0.4427088295930953,0.05729117040690468,112000
1217,False,1,0.3930026830738392,0.10699731692616082,229456
1218,False,1,0.4475682474520174,0.0524317525479826,80500
1219,False,1,0.4482514242356823,0.051748575764317684,91500
1220,False,1,0.41112810767137553,0.08887189232862447,115000
1221,False,1,0.3875161777244435,0.11248382227555648,134000
1222,False,1,0.41579376496816767,0.08420623503183233,143000
1223,False,1,0.44956264730710815,0.050437352692891846,137900
1224,False,1,0.3931068708043418,0.10689312919565819,184000
1225,False,1,0.4278776732032245,0.0721223267967755,145000
1226,False,1,0.43117295972282654,0.06882704027717346,214000
1227,False,1,0.4183267624165737,0.08167323758342632,147000
1228,True,-1,0.509460651107615,-0.009460651107614959,367294
1229,False,1,0.38372817834684275,0.11627182165315725,127000
1230,True,-1,0.5419663381489039,-0.04196633814890394,190000
1231,False,1,0.3819915297929989,0.11800847020700111,132500
1232,False,1,0.4390727424810308,0.06092725751896921,101800
1233,False,1,0.38699540489799006,0.11300459510200994,142000
1234,False,1,0.46036252870585137,0.03963747129414863,130000
1235,False,1,0.4599920863154189,0.04000791368458112,138887
1236,False,1,0.41428382585762047,0.08571617414237953,175500
1237,False,1,0.3973468750373821,0.10265312496261791,195000
1238,False,1,0.3995221609938012,0.10047783900619878,142500
1239,False,1,0.38724411467065545,0.11275588532934455,265900
1240,False,1,0.385587029880676,0.114412970119324,224900
1241,False,1,0.41136495521122324,0.08863504478877676,248328
1242,False,1,0.4272279150348573,0.0727720849651427,170000
1243,False,1,0.4679280112059798,0.03207198879402018,465000
1244,False,1,0.4261148676944541,0.07388513230554589,230000
1245,False,1,0.43964599002150656,0.06035400997849344,178000
1246,False,1,0.38602805334989143,0.11397194665010857,186500
1247,False,1,0.4098400185607906,0.09015998143920939,169900
1248,False,1,0.4316121001378185,0.06838789986218152,129500
1249,False,1,0.3844980134732887,0.11550198652671129,119000
1250,False,1,0.4420719076274865,0.05792809237251351,244000
1251,False,1,0.399415356998675,0.10058464300132502,171750
1252,False,1,0.40791349411897954,0.09208650588102046,130000
1253,False,1,0.45394962630393054,0.04605037369606946,294000
1254,False,1,0.3773758949554178,0.12262410504458221,165400
1255,False,1,0.39999572051661353,0.10000427948338647,127500
1256,False,1,0.425673832844368,0.074326167155632,301500
1257,False,1,0.4343666036315419,0.06563339636845811,99900
1258,False,1,0.38335694920532876,0.11664305079467124,190000
1259,False,1,0.4062965383456064,0.09370346165439358,151000
1260,False,1,0.3862806592154699,0.11371934078453011,181000
1261,False,1,0.3703354790083246,0.1296645209916754,128900
1262,False,1,0.44310366717434757,0.05689633282565243,161500
1263,False,1,0.41483369072755516,0.08516630927244484,180500
1264,False,1,0.39943418368349504,0.10056581631650496,181000
1265,False,1,0.415274789526304,0.08472521047369602,183900
1266,True,-1,0.5288957324558536,-0.02889573245585364,122000
1267,False,1,0.4522288441253311,0.0477711558746689,378500
1268,True,-1,0.5332983093096524,-0.033298309309652385,381000
1269,False,1,0.3824496698772791,0.11755033012272093,144000
1270,False,1,0.4722954912111748,0.02770450878882519,260000
1271,False,1,0.38801994416258323,0.11198005583741677,185750
1272,False,1,0.4088135612626542,0.09118643873734578,137000
1273,False,1,0.4198993847170296,0.08010061528297041,177000
1274,False,1,0.4123221664174981,0.08767783358250192,139000
1275,False,1,0.47353653576417437,0.02646346423582563,137000
1276,False,1,0.43169325706565964,0.06830674293434036,162000
1277,False,1,0.40624122759875464,0.09375877240124536,197900
1278,False,1,0.39875908759655165,0.10124091240344835,237000
1279,False,1,0.42629609721835626,0.07370390278164374,68400
1280,False,1,0.38895659338636257,0.11104340661363743,227000
1281,False,1,0.39271538857968674,0.10728461142031326,180000
1282,False,1,0.4121683259751687,0.08783167402483127,150500
1283,False,1,0.483062273010677,0.016937726989323,139000
1284,False,1,0.46726047758501094,0.032739522414989064,169000
1285,False,1,0.3932522489712376,0.10674775102876238,132500
1286,False,1,0.42600222044253555,0.07399777955746445,143000
1287,False,1,0.48910596171936027,0.010894038280639728,190000
1288,False,1,0.4063898275679295,0.09361017243207048,278000
1289,False,1,0.4256699643368427,0.07433003566315732,281000
1290,False,1,0.39348726033321074,0.10651273966678926,180500
1291,False,1,0.4394237583563893,0.060576241643610695,119500
1292,True,-1,0.505503622352006,-0.005503622352005966,107500
1293,False,1,0.4119419417722197,0.08805805822778029,162900
1294,False,1,0.38930096670594366,0.11069903329405634,115000
1295,False,1,0.42138702346684415,0.07861297653315585,138500
1296,False,1,0.4126325112008415,0.08736748879915851,155000
1297,False,1,0.416342156292848,0.08365784370715201,140000
1298,True,-1,0.6557328157580072,-0.15573281575800724,160000
1299,False,1,0.4312233367924,0.06877666320760001,154000
1300,False,1,0.38821917212898316,0.11178082787101684,225000
1301,False,1,0.44886534976903397,0.05113465023096603,177500
1302,False,1,0.4443347128203971,0.055665287179602896,290000
1303,False,1,0.4132442335531196,0.08675576644688038,232000
1304,False,1,0.40802401471989125,0.09197598528010875,130000
1305,False,1,0.4573423463548735,0.042657653645126525,325000
1306,False,1,0.39365960489434176,0.10634039510565824,202500
1307,False,1,0.37820905508173064,0.12179094491826936,138000
1308,False,1,0.4137985232821875,0.08620147671781248,147000
1309,False,1,0.3788828615886677,0.12111713841133231,179200
1310,False,1,0.48624953683040056,0.013750463169599436,335000
1311,False,1,0.4002936007170236,0.09970639928297642,203000
1312,False,1,0.4409493331350388,0.05905066686496119,302000
1313,False,1,0.4849194098151758,0.015080590184824216,333168
1314,False,1,0.39099941259050464,0.10900058740949536,119000
1315,False,1,0.423496084821215,0.07650391517878502,206900
1316,False,1,0.43286560138625535,0.06713439861374465,295493
1317,False,1,0.41560382192410905,0.08439617807589095,208900
1318,False,1,0.4188436367911599,0.08115636320884012,275000
1319,False,1,0.3871598314207925,0.11284016857920748,111000
1320,False,1,0.46725887456847726,0.032741125431522744,156500
1321,False,1,0.4170703306143809,0.08292966938561908,72500
1322,False,1,0.40033817471702493,0.09966182528297507,190000
1323,False,1,0.4449869020343414,0.05501309796565862,82500
1324,False,1,0.43067585802070385,0.06932414197929615,147000
1325,False,1,0.4567684501716285,0.04323154982837152,55000
1326,False,1,0.4634354013474426,0.0365645986525574,79000
1327,False,1,0.4381878858755852,0.061812114124414785,130500
1328,True,-1,0.5744022413910052,-0.07440224139100515,256000
1329,False,1,0.3750654378743778,0.1249345621256222,176500
1330,False,1,0.40803842397770534,0.09196157602229466,227000
1331,False,1,0.3726329748011016,0.12736702519889842,132500
1332,False,1,0.40545514413423167,0.09454485586576833,100000
1333,False,1,0.4140938820138918,0.0859061179861082,125500
1334,False,1,0.42121543048531895,0.07878456951468105,125000
1335,False,1,0.41999016549242607,0.08000983450757393,167900
1336,False,1,0.47919623312175724,0.020803766878242758,135000
1337,False,1,0.4592809741196471,0.04071902588035292,52500
1338,False,1,0.40010845617116053,0.09989154382883947,200000
1339,False,1,0.38844370548155843,0.11155629451844157,128500
1340,False,1,0.39284846745480884,0.10715153254519116,123000
1341,False,1,0.38261282021176557,0.11738717978823443,155000
1342,False,1,0.38983060196084607,0.11016939803915393,228500
1343,False,1,0.419772382029291,0.08022761797070899,177000
1344,False,1,0.3751855402839511,0.12481445971604888,155835
1345,False,1,0.4145961383418333,0.08540386165816671,108500
1346,False,1,0.46228742510553344,0.037712574894466555,262500
1347,False,1,0.4110952301023321,0.08890476989766788,283463
1348,False,1,0.40486005428827926,0.09513994571172074,215000
1349,False,1,0.48167655311375196,0.01832344688624804,122000
1350,True,-1,0.5572425468114389,-0.05724254681143892,200000
1351,False,1,0.4007983235598973,0.09920167644010269,171000
1352,False,1,0.4125019407430324,0.08749805925696758,134900
1353,False,1,0.4820761081193274,0.017923891880672616,410000
1354,False,1,0.40140103514894776,0.09859896485105224,235000
1355,False,1,0.4168894725525331,0.08311052744746689,170000
1356,False,1,0.37371538059567283,0.12628461940432717,110000
1357,False,1,0.38887943111663875,0.11112056888336125,149900
1358,False,1,0.404753995446935,0.09524600455306498,177500
1359,False,1,0.44272958417610536,0.05727041582389464,315000
1360,False,1,0.494076564319884,0.005923435680115996,189000
1361,False,1,0.3969747005957257,0.1030252994042743,260000
1362,False,1,0.4309200498980467,0.06907995010195328,104900
1363,False,1,0.3796261869412892,0.12037381305871081,156932
1364,False,1,0.4488105271292957,0.0511894728707043,144152
1365,False,1,0.410607934400584,0.08939206559941598,216000
1366,False,1,0.38087562259732827,0.11912437740267173,193000
1367,False,1,0.4147675668182613,0.08523243318173868,127000
1368,False,1,0.40658734503306115,0.09341265496693885,144000
1369,False,1,0.44483695078836416,0.05516304921163584,232000
1370,False,1,0.42296545327583474,0.07703454672416526,105000
1371,False,1,0.4162796402638122,0.0837203597361878,165500
1372,False,1,0.40311997487353174,0.09688002512646826,274300
1373,True,-1,0.5171137834187702,-0.017113783418770234,466500
1374,False,1,0.4093837197100187,0.09061628028998131,250000
1375,False,1,0.4023060075138597,0.0976939924861403,239000
1376,False,1,0.4213477994046365,0.07865220059536349,91000
1377,False,1,0.3993289231415846,0.10067107685841542,117000
1378,False,1,0.44539245679605877,0.05460754320394123,83000
1379,False,1,0.38908684029938306,0.11091315970061694,167500
1380,False,1,0.44525186191213206,0.05474813808786794,58500
1381,False,1,0.4121495863828083,0.0878504136171917,237500
1382,False,1,0.4547845942943234,0.045215405705676615,157000
1383,False,1,0.4305794015262929,0.06942059847370707,112000
1384,False,1,0.40214756917398925,0.09785243082601075,105000
1385,False,1,0.44698748904108876,0.05301251095891124,125500
1386,True,-1,0.5850915170538808,-0.08509151705388085,250000
1387,False,1,0.4920745081190295,0.007925491880970525,136000
1388,False,1,0.4358941178050661,0.0641058821949339,377500
1389,False,1,0.4227327268081503,0.07726727319184967,131000
1390,False,1,0.40525917600940453,0.09474082399059547,235000
1391,False,1,0.4674923559968343,0.03250764400316569,124000
1392,False,1,0.40824835374983554,0.09175164625016446,123000
1393,False,1,0.4856942250444284,0.014305774955571615,163000
1394,False,1,0.4141270550493615,0.08587294495063852,246578
1395,False,1,0.4327579348816147,0.06724206511838532,281213
1396,False,1,0.4752576399502166,0.02474236004978342,160000
1397,False,1,0.44654641834111003,0.05345358165888997,137500
1398,False,1,0.43205771316157215,0.06794228683842785,138000
1399,False,1,0.41324755409907693,0.08675244590092307,137450
1400,False,1,0.4121555071560998,0.08784449284390022,120000
1401,False,1,0.382942626537904,0.11705737346209599,193000
1402,False,1,0.3850422578573943,0.11495774214260568,193879
1403,False,1,0.40935580664664284,0.09064419335335716,282922
1404,False,1,0.47797443225244046,0.022025567747559538,105000
1405,False,1,0.4708163564766079,0.02918364352339209,275000
1406,False,1,0.3934231213167821,0.10657687868321791,133000
1407,False,1,0.41524091632869464,0.08475908367130536,112000
1408,False,1,0.42601673735710893,0.07398326264289107,125500
1409,False,1,0.4111482735478258,0.0888517264521742,215000
1410,False,1,0.38410957742093016,0.11589042257906984,230000
1411,False,1,0.39968902945690293,0.10031097054309707,140000
1412,False,1,0.4369529661761844,0.0630470338238156,90000
1413,False,1,0.39902390130850146,0.10097609869149854,257000
1414,False,1,0.4347544428636097,0.0652455571363903,207000
1415,False,1,0.4537169896273429,0.046283010372657085,175900
1416,True,-1,0.5246360134721981,-0.024636013472198126,122500
1417,False,1,0.43511440374549537,0.06488559625450463,340000
1418,False,1,0.4184098160677056,0.08159018393229439,124000
1419,False,1,0.437666763021907,0.06233323697809301,223000
1420,False,1,0.423661564224438,0.07633843577556199,179900
1421,False,1,0.41076250893955135,0.08923749106044865,127500
1422,False,1,0.42759147829392913,0.07240852170607087,136500
1423,False,1,0.4687397527620017,0.031260247237998307,274970
1424,False,1,0.39276805342770194,0.10723194657229806,144000
1425,False,1,0.3933477623006422,0.10665223769935778,142000
1426,False,1,0.4147166687901683,0.08528333120983173,271000
1427,False,1,0.3883609677513512,0.1116390322486488,140000
1428,False,1,0.4607154452528658,0.039284554747134215,119000
1429,False,1,0.40002962270283987,0.09997037729716013,182900
1430,False,1,0.399200529543187,0.10079947045681298,192140
1431,False,1,0.39354761899189666,0.10645238100810334,143750
1432,False,1,0.4178163736351263,0.0821836263648737,64500
1433,False,1,0.3877412904256266,0.1122587095743734,186500
1434,False,1,0.38846370318079226,0.11153629681920774,160000
1435,False,1,0.4117432112268998,0.08825678877310023,174000
1436,False,1,0.3753271062240991,0.1246728937759009,120500
1437,False,1,0.4715567756665498,0.0284432243334502,394617
1438,False,1,0.43276055217679177,0.06723944782320823,149700
1439,False,1,0.42454656326614937,0.07545343673385063,197000
1440,False,1,0.4741446889999543,0.025855311000045678,191000
1441,False,1,0.4142294269684001,0.0857705730315999,149300
1442,False,1,0.4288997742196323,0.07110022578036768,310000
1443,False,1,0.42349448920563687,0.07650551079436313,121000
1444,False,1,0.3925956248865389,0.10740437511346113,179600
1445,False,1,0.43278316909984693,0.06721683090015307,129000
1446,False,1,0.4103569110676047,0.08964308893239531,157900
1447,False,1,0.40762801877981064,0.09237198122018936,240000
1448,False,1,0.415796047251189,0.08420395274881098,112000
1449,False,1,0.47655571182369655,0.02344428817630345,92000
1450,False,1,0.4742550291770608,0.025744970822939195,136000
1451,False,1,0.40312862524988496,0.09687137475011504,287090
1452,False,1,0.42122887766910944,0.07877112233089056,145000
1453,False,1,0.4225087449538639,0.07749125504613608,84500
1454,False,1,0.3907074184447816,0.10929258155521843,185000
1455,False,1,0.36942467671650664,0.13057532328349336,175000
1456,False,1,0.4353855448165449,0.0646144551834551,210000
1457,True,-1,0.5046517253907781,-0.004651725390778072,266500
1458,False,1,0.46155047891522455,0.03844952108477545,142125
1459,False,1,0.4347220435390242,0.06527795646097578,147500
